Stress Voltage,Cycles to Breakdown
2.14,-7.0
2.42,-5.698970004336019
2.49,-5.477121254719663
2.66,-4.477121254719663
2.7922,-3.6989700043360187
2.8,-3.845098040014257
2.9,-3.0
2.9572,-2.4771212547196626
2.96,-2.0
